First_Name,Last_Name,Email,Address
Aarav,Sharma,aarav.sharma@example.com,"12 MG Road, Agra, Uttar Pradesh"
Priya,Verma,priya.verma@example.com,"45 Nehru Nagar, Delhi, Delhi"
Rahul,Singh,rahul.singh@example.com,"78 Civil Lines, Lucknow, Uttar Pradesh"
Neha,Gupta,neha.gupta@example.com,"23 Park Street, Kolkata, West Bengal"
Vikram,Patel,vikram.patel@example.com,"56 Satellite Road, Ahmedabad, Gujarat"
Ananya,Mehta,ananya.mehta@example.com,"91 FC Road, Pune, Maharashtra"
Rohan,Kumar,rohan.kumar@example.com,"34 Koramangala Road, Bengaluru, Karnataka"
Sneha,Joshi,sneha.joshi@example.com,"67 Banjara Hills, Hyderabad, Telangana"
Arjun,Rao,arjun.rao@example.com,"89 Anna Nagar, Chennai, Tamil Nadu"
Kavya,Nair,kavya.nair@example.com,"15 MG Road, Kochi, Kerala"
Aditya,Malhotra,aditya.malhotra@example.com,"42 Sector 17, Chandigarh, Chandigarh"
Isha,Kapoor,isha.kapoor@example.com,"76 Model Town, Ludhiana, Punjab"
Karan,Shah,karan.shah@example.com,"28 Ring Road, Surat, Gujarat"
Meera,Iyer,meera.iyer@example.com,"53 Adyar Street, Chennai, Tamil Nadu"
Siddharth,Desai,siddharth.desai@example.com,"19 Vastrapur, Ahmedabad, Gujarat"
Pooja,Agarwal,pooja.agarwal@example.com,"84 Vaishali Nagar, Jaipur, Rajasthan"
Manish,Yadav,manish.yadav@example.com,"37 Gomti Nagar, Lucknow, Uttar Pradesh"
Riya,Saxena,riya.saxena@example.com,"62 Rajendra Nagar, Bhopal, Madhya Pradesh"
Akash,Chauhan,akash.chauhan@example.com,"11 Dehradun Road, Dehradun, Uttarakhand"
Simran,Kaur,simran.kaur@example.com,"49 Mall Road, Amritsar, Punjab"
Nikhil,Bansal,nikhil.bansal@example.com,"73 Sector 22, Noida, Uttar Pradesh"
Tanya,Mishra,tanya.mishra@example.com,"26 Ashok Nagar, Kanpur, Uttar Pradesh"
Varun,Sharma,varun.sharma@example.com,"58 Vaishali Nagar, Jaipur, Rajasthan"
Aditi,Reddy,aditi.reddy@example.com,"39 Hitech City Road, Hyderabad, Telangana"
Mohit,Sethi,mohit.sethi@example.com,"17 Rajouri Garden, New Delhi, Delhi"
Shreya,Das,shreya.das@example.com,"82 Salt Lake Road, Kolkata, West Bengal"
Yash,Pandey,yash.pandey@example.com,"31 Aliganj, Lucknow, Uttar Pradesh"
Nandini,Rao,nandini.rao@example.com,"65 Indiranagar, Bengaluru, Karnataka"
Harsh,Vyas,harsh.vyas@example.com,"44 C G Road, Ahmedabad, Gujarat"
Divya,Menon,divya.menon@example.com,"29 Kakkanad, Kochi, Kerala"
Abhishek,Tiwari,abhishek.tiwari@example.com,"71 Civil Lines, Prayagraj, Uttar Pradesh"
Sakshi,Arora,sakshi.arora@example.com,"16 Dwarka Sector 10, Delhi, Delhi"
Rajiv,Khanna,rajiv.khanna@example.com,"55 Model Town, Delhi, Delhi"
Muskan,Singh,muskan.singh@example.com,"38 Gomti Nagar, Lucknow, Uttar Pradesh"
Deepak,Jain,deepak.jain@example.com,"92 Malviya Nagar, Jaipur, Rajasthan"
Pallavi,Roy,pallavi.roy@example.com,"47 Park Circus, Kolkata, West Bengal"
Aman,Singh,aman.singh@example.com,"63 Indirapuram, Ghaziabad, Uttar Pradesh"
Komal,Bhatt,komal.bhatt@example.com,"24 Rajpur Road, Dehradun, Uttarakhand"
Saurabh,Gupta,saurabh.gupta@example.com,"81 Kankarbagh, Patna, Bihar"
Nisha,Thakur,nisha.thakur@example.com,"35 Shimla Road, Shimla, Himachal Pradesh"
Ritesh,Mishra,ritesh.mishra@example.com,"69 Vijay Nagar, Indore, Madhya Pradesh"
Swati,Sinha,swati.sinha@example.com,"14 Boring Road, Patna, Bihar"
Gaurav,Joshi,gaurav.joshi@example.com,"52 Baner Road, Pune, Maharashtra"
Preeti,Shukla,preeti.shukla@example.com,"88 Gomti Nagar, Lucknow, Uttar Pradesh"
Vivek,Narayan,vivek.narayan@example.com,"21 T Nagar, Chennai, Tamil Nadu"
Tanvi,Agrawal,tanvi.agrawal@example.com,"46 Kothrud, Pune, Maharashtra"
Rajat,Bhatia,rajat.bhatia@example.com,"77 Sector 15, Gurgaon, Haryana"
Mansi,Trivedi,mansi.trivedi@example.com,"33 Alkapuri, Vadodara, Gujarat"
Sameer,Ali,sameer.ali@example.com,"59 Fraser Road, Patna, Bihar"
Shalini,Chopra,shalini.chopra@example.com,"18 Vikas Puri, Delhi, Delhi"